Period,Dependent,Independent,Dickey-Fuller,ADF,Beta,Std,HalfLife,SignalStr,Corr,PeriodQt,PeriodStr
100,EGIE3,EMBR3,-5.2530189099437266,99,0.6739370579911619,2.117169404780883,2,Long/Short,0.3245468788677196,9,"100,120,140,160,180,200,220,240,250"
100,ENGI11,GNDI3,-4.829186748526759,99,0.5576050098655609,2.0227117770577667,2,Long/Short,0.5009655070223821,9,"100,120,140,160,180,200,220,240,250"
100,RADL3,TAEE11,-3.807030406433303,99,-0.6587562146717423,2.061516403669408,2,Long/Short,0.2045907060275002,9,"100,120,140,160,180,200,220,240,250"
100,MGLU3,VALE3,-3.819546032659644,99,0.3872853175170514,2.2623963506775957,3,Long/Short,0.2486465898822975,9,"100,120,140,160,180,200,220,240,250"
100,ABEV3,BPAC11,-4.891319889825018,99,0.07016015087434249,2.3052113792818685,2,Long/Short,0.6411913311478866,9,"100,120,140,160,180,200,220,240,250"
100,CIEL3,ITUB4,-4.441627429662288,99,0.3134953319211057,2.119106784163598,2,Short/Long,0.6314804746385921,9,"100,120,140,160,180,200,220,240,250"
