Period,Dependent,Independent,Dickey-Fuller,ADF,Beta,Std,HalfLife,Corr,Signal,SignalStr,PeriodQt,PeriodStr
100,ABEV3,BPAC11,-4.891319889825019,99,0.07016015087434249,2.3052113792818685,2,0.6411913311478866,1.1468281811303471,Long/Short,9,"100,120,140,160,180,200,220,240,250"
100,CIEL3,ITUB4,-4.4416274296622875,99,0.3134953319211057,2.119106784163598,2,0.6314804746385921,1.0542423140650907,Short/Long,9,"100,120,140,160,180,200,220,240,250"
