Period,Dependent,Independent,Dickey-Fuller,ADF,Beta,Std,HalfLife,SignalStr,Corr,PeriodQt,PeriodStr
100,PETR3,VALE3,-4.369692294848578,99,0.4167655858314061,2.123380187304264,2,Long/Short,0.5412119368521843,9,"100,120,140,160,180,200,220,240,250"
100,HAPV3,UGPA3,-3.537270178064989,99,1.5590658770234305,2.2238340496199496,3,Long/Short,0.33463885525870685,9,"100,120,140,160,180,200,220,240,250"
