Period,Dependent,Independent,Dickey-Fuller,ADF,Beta,Std,HalfLife,SignalStr,Corr,PeriodQt,PeriodStr
100,GNDI3,UGPA3,-4.306908177555592,99,1.6342397011913758,2.2900387705330543,2,Long/Short,0.3975387024197361,9,"100,120,140,160,180,200,220,240,250"
100,PETR3,VALE3,-4.369692294848578,99,0.4167655858314061,2.123380187304264,2,Long/Short,0.5412119368521843,9,"100,120,140,160,180,200,220,240,250"
100,EMBR3,FLRY3,-3.5239565449788497,99,0.4262715338049709,2.0490623310204152,3,Long/Short,0.4758686114429898,9,"100,120,140,160,180,200,220,240,250"
100,HAPV3,UGPA3,-3.537270178064989,99,1.5590658770234305,2.2238340496199496,3,Long/Short,0.33463885525870685,9,"100,120,140,160,180,200,220,240,250"
100,IGTA3,LREN3,-5.868259042419712,99,0.7520455687547382,2.347399509985521,1,Long/Short,0.7276359163019607,9,"100,120,140,160,180,200,220,240,250"
100,B3SA3,ELET3,-4.613901462655903,99,1.2392962235785536,2.2548796572125966,2,Long/Short,0.5369531653761834,9,"100,120,140,160,180,200,220,240,250"
