Period,Dependent,Independent,Dickey-Fuller,ADF,Beta,Std,HalfLife,SignalStr,Corr,PeriodQt,PeriodStr
100,CSNA3,USIM5,-4.218575524636536,99,0.912733671617195,2.0062511104469927,2,Short/Long,0.6644679631095883,9,"100,120,140,160,180,200,220,240,250"
100,IRBR3,SANB11,-3.7590443971968575,99,0.5474861347850887,2.3797900596882897,3,Short/Long,0.2494507281602104,9,"100,120,140,160,180,200,220,240,250"
100,RADL3,VVAR3,-3.7986226710551554,99,0.1493321543464572,2.174212695545849,3,Short/Long,0.22479569899066626,9,"100,120,140,160,180,200,220,240,250"
100,PETR3,VALE3,-4.369692294848578,99,0.4167655858314061,2.123380187304264,2,Long/Short,0.5412119368521843,9,"100,120,140,160,180,200,220,240,250"
