Period,Dependent,Independent,Dickey-Fuller,ADF,Beta,Std,HalfLife,SignalStr,Corr,PeriodQt,PeriodStr
100,CSNA3,USIM5,-4.218575524636536,99,0.912733671617195,2.0062511104469927,2,Short/Long,0.6644679631095883,9,"100,120,140,160,180,200,220,240,250"
