Period,Dependent,Independent,Dickey-Fuller,ADF,Beta,HalfLife,Corr,Signal,SignalStr,PeriodQt,PeriodStr
250,BBAS3,TAEE11,-4.824291242951755,99,3.6385314126380384,5,0.6024296426119286,1.0298045330127457,Short/Long,9,"100,120,140,160,180,200,220,240,250"
250,CMIG4,ENGI11,-4.2570649607477495,99,0.2985335805946148,5,0.7689178295188884,1.02366540930712,Short/Long,9,"100,120,140,160,180,200,220,240,250"
250,BRKM5,LAME4,-4.066722932940972,99,1.1975836679463807,6,0.5549146848154668,1.0820077151526302,Long/Short,9,"100,120,140,160,180,200,220,240,250"
