Period,Dependent,Independent,Dickey-Fuller,ADF,Beta,Std,HalfLife,SignalStr,Corr,PeriodQt,PeriodStr
100,EGIE3,UGPA3,-4.622459586473318,99,0.7299867373881916,2.32146965410277,2,Long/Short,0.5186589162238152,9,"100,120,140,160,180,200,220,240,250"
100,GGBR4,VIVT4,-4.384355129398351,99,0.06361998111005368,2.170816850123756,2,Short/Long,0.21272619676687493,9,"100,120,140,160,180,200,220,240,250"
100,EGIE3,EMBR3,-5.253018909943727,99,0.6739370579911619,2.117169404780883,2,Long/Short,0.3245468788677196,9,"100,120,140,160,180,200,220,240,250"
100,ENGI11,GNDI3,-4.829186748526759,99,0.5576050098655609,2.0227117770577667,2,Long/Short,0.5009655070223821,9,"100,120,140,160,180,200,220,240,250"
100,ABEV3,BPAC11,-4.891319889825018,99,0.07016015087434249,2.3052113792818685,2,Long/Short,0.6411913311478866,9,"100,120,140,160,180,200,220,240,250"
